,input_qed,idea_count,avg_qed,max_qed,std_qed,avg_delta_qed,max_delta_qed,std_delta_qed,imrovement_counts
0,0.6204810517595596,187,0.6632128718213913,0.8614121499269946,0.12472143677222564,0.04273182006183174,0.24093109816743496,0.12472143677222564,115
1,0.6784177832036432,350,0.5331801616339061,0.7676010701252667,0.1291723168712715,-0.14523762156973707,0.08918328692162347,0.1291723168712715,217
2,0.5762605941819152,50,0.5433332208968265,0.6966381142097418,0.09313343442759528,-0.03292737328508877,0.12037752002782653,0.09313343442759528,32
3,0.590312419298587,381,0.6373567231319223,0.8788168371877118,0.12407144155379414,0.047044303833335244,0.28850441788912473,0.12407144155379415,166
4,0.27027539478015017,70,0.360115166112519,0.8093090072645186,0.12948807022013065,0.08983977133236881,0.5390336124843684,0.12948807022013065,11
5,0.3620424161456103,349,0.2913094232483792,0.4249280261152047,0.05270972592766835,-0.07073299289723106,0.06288560996959441,0.05270972592766835,251
6,0.4414472626928828,31,0.4186271133644904,0.5735981867997437,0.08274251358766409,-0.022820149328392436,0.1321509241068609,0.0827425135876641,17
7,0.37034350763056995,515,0.29238876222547217,0.49115015832251246,0.069330149691386,-0.07795474540509778,0.12080665069194252,0.06933014969138598,50
8,0.6638395197240314,57,0.628630192386675,0.8540371621316898,0.14428854329932778,-0.03520932733735649,0.19019764240765835,0.14428854329932778,22
9,0.8454910409851711,207,0.7500369013178406,0.9173875825026931,0.11966673621252127,-0.09545413966733052,0.071896541517522,0.11966673621252127,130
10,0.66054194772954,157,0.7224045674632644,0.9391072381824145,0.13062676830719702,0.06186261973372442,0.2785652904528745,0.13062676830719702,55
11,0.7380134904098221,469,0.552673805802959,0.90640176211831,0.1607729632136164,-0.18533968460686312,0.1683882717084879,0.1607729632136164,255
12,0.5708799506503206,149,0.48229586326667157,0.6686731527368368,0.11511340853693737,-0.08858408738364904,0.0977932020865162,0.11511340853693737,41
13,0.548134189471161,51,0.7156525548085483,0.849569211746929,0.10740176947412954,0.1675183653373873,0.301435022275768,0.10740176947412955,15
14,0.5706913849970715,205,0.683656053087064,0.9366658280713447,0.12752027957570905,0.1129646680899925,0.3659744430742732,0.12752027957570905,81
15,0.47575768534032103,94,0.6610873935173316,0.8948968461938218,0.10897658276281924,0.18532970817701055,0.4191391608535008,0.10897658276281923,58
16,0.4568498117285211,341,0.3629559684704526,0.7144907444899511,0.09827780976168254,-0.09389384325806854,0.25764093276142996,0.09827780976168254,10
17,0.11437508455025171,1165,0.0950720822137822,0.13439318250776336,0.014918298206766097,-0.019303002336469505,0.020018097957511652,0.014918298206766097,0
18,0.5470483699238978,67,0.5499530014603078,0.7616817444552558,0.11769112514036704,0.002904631536409963,0.214633374531358,0.11769112514036703,22
19,0.6849934340112487,306,0.576958871177204,0.944506113620728,0.1580663871144158,-0.10803456283404467,0.2595126796094793,0.1580663871144158,100
20,0.2403160049724577,67,0.5717958478492391,0.7736196981019685,0.1221926527987777,0.3314798428767814,0.5333036931295108,0.1221926527987777,45
21,0.7092219751108031,206,0.5188556028473641,0.8239493142254123,0.11540891253142553,-0.190366372263439,0.1147273391146092,0.11540891253142553,82
22,0.3179486293298985,206,0.5188556028473641,0.8239493142254123,0.11540891253142553,0.20090697351746561,0.5060006848955139,0.11540891253142553,82
23,0.5130707847025034,420,0.33157477783595335,0.7253092313383958,0.10788339752953964,-0.18149600686655012,0.2122384466358923,0.10788339752953964,168
24,0.12383585946133098,420,0.33157477783595335,0.7253092313383958,0.10788339752953964,0.20773891837462236,0.6014733718770647,0.10788339752953964,405
25,0.7153940601367355,165,0.5683015423813148,0.7073040783865101,0.1366434868979388,-0.14709251775542065,-0.00808998175022535,0.1366434868979388,117
26,0.6246403577878984,30,0.6421963965089261,0.8375062934449197,0.07332328044154882,0.017556038721027734,0.21286593565702128,0.07332328044154882,6
27,0.645896165264526,582,0.5027185974184883,0.7300162765746152,0.09156161047179488,-0.14317756784603763,0.08412011131008923,0.09156161047179488,32
28,0.49706450017145404,366,0.3919721154876782,0.7623251543371621,0.10954850537061128,-0.10509238468377585,0.26526065416570804,0.10954850537061128,13
29,0.4293680151443143,69,0.39897812481877687,0.723970493432305,0.1090344946280668,-0.030389890325537405,0.29460247828799074,0.1090344946280668,27
30,0.4491618061716244,22,0.25018355664311265,0.3770758639475835,0.07364877573166326,-0.19897824952851173,-0.07208594222404086,0.07364877573166326,21
31,0.8620350872186727,163,0.6554554694456369,0.8815081427206494,0.1482184815330353,-0.2065796177730358,0.019473055501976644,0.1482184815330353,143
32,0.34851361003515513,163,0.6554554694456369,0.8815081427206494,0.1482184815330353,0.3069418594104818,0.5329945326854942,0.1482184815330353,143
33,0.41176848793408155,227,0.3803822165984947,0.6542020726609575,0.08446986484255864,-0.03138627133558686,0.24243358472687598,0.08446986484255864,45
34,0.658951175302544,91,0.7085586544935201,0.9139349032666332,0.1043386668913509,0.04960747919097608,0.2549837279640892,0.1043386668913509,52
35,0.47328469647170246,124,0.3156629942267653,0.4784168783281459,0.059065829851303174,-0.15762170224493716,0.00513218185644343,0.05906582985130317,30
36,0.5869316273905797,270,0.519320852447742,0.8608237412622488,0.13139060204277608,-0.06761077494283779,0.2738921138716691,0.13139060204277608,134
37,0.5340422883655196,141,0.40023981462140606,0.6772377743585856,0.11348574668519958,-0.13380247374411353,0.14319548599306597,0.11348574668519958,50
38,0.8536245567923201,133,0.7616196977729977,0.9271403349225575,0.12468120703271374,-0.09200485901932243,0.07351577813023746,0.12468120703271374,72
39,0.24859068867917034,977,0.2060251920376326,0.283444838113657,0.04249088739629433,-0.04256549664153775,0.03485414943448667,0.04249088739629433,3
40,0.665851824861464,144,0.6652641225346817,0.8848185634271128,0.12602308815330607,-0.0005877023267822912,0.21896673856564886,0.1260230881533061,47
41,0.6993209272914829,77,0.6461294468020466,0.853525175864825,0.12128852561501595,-0.05319148048943623,0.15420424857334214,0.12128852561501595,45
42,0.5656014972475907,209,0.6363766823830111,0.8498948235812419,0.14685720693969506,0.07077518513542047,0.28429332633365123,0.14685720693969506,163
43,0.7971701178185844,444,0.5361233153907751,0.8621505689382019,0.12486421694804893,-0.2610468024278093,0.06498045111961748,0.12486421694804893,19
44,0.6027347600535291,148,0.5234304147752986,0.8632756378351776,0.15177318653593314,-0.07930434527823049,0.26054087778164847,0.15177318653593314,79
45,0.5131220403965512,250,0.6844226673929852,0.8840930216755097,0.13430977929149118,0.171300626996434,0.37097098127895856,0.13430977929149118,109
46,0.47072821158342537,156,0.5367456499973611,0.8546291186678248,0.12422528181628037,0.0660174384139357,0.3839009070843994,0.12422528181628037,82
47,0.38618059545364897,558,0.3238615855910557,0.4391519876184036,0.05226417043925222,-0.062319009862593255,0.05297139216475466,0.05226417043925222,302
48,0.7324604295744335,131,0.6967082583547907,0.8828175913245373,0.12640914939144055,-0.0357521712196428,0.15035716175010383,0.12640914939144055,35
49,0.6611804498474478,270,0.47830325883838376,0.9028661149119012,0.15758021180467555,-0.18287719100906405,0.24168566506445333,0.15758021180467555,70
50,0.6960164410604959,522,0.5535757887174859,0.8061621758945992,0.10438034940463617,-0.14244065234300995,0.11014573483410328,0.10438034940463617,61
51,0.5958623283349754,440,0.6128573704957607,0.8747259695621046,0.12401036909864625,0.016995042160785345,0.27886364122712914,0.12401036909864625,285
52,0.5017591238230259,115,0.40914821109121324,0.6619785534943,0.10386195966878248,-0.09261091273181266,0.16021942967127412,0.10386195966878248,33
53,0.6084896186780129,344,0.5837742346788164,0.854224905967832,0.14048148116761439,-0.02471538399919654,0.24573528728981908,0.14048148116761439,242
54,0.37517037579739243,344,0.5837742346788164,0.854224905967832,0.14048148116761439,0.2086038588814239,0.47905453017043953,0.14048148116761439,242
55,0.3756850718531809,64,0.48748621201356573,0.7252489893399466,0.12021876247138467,0.11180114016038484,0.34956391748676574,0.12021876247138467,28
56,0.1046275222573896,64,0.48748621201356573,0.7252489893399466,0.12021876247138466,0.38285868975617615,0.620621467082557,0.12021876247138466,28
57,0.4771767424406644,150,0.5780326873747526,0.8619658687105274,0.12692674429864576,0.10085594493408812,0.384789126269863,0.12692674429864576,36
58,0.8499884325178949,292,0.757109690636621,0.9228653871668904,0.12693712422561157,-0.09287874188127387,0.07287695464899546,0.12693712422561157,60
59,0.6362663133133345,64,0.573181232261436,0.7728609541399996,0.10134174711022957,-0.06308508105189853,0.13659464082666506,0.10134174711022957,38
60,0.7097167180905628,123,0.5278144915213203,0.7755123419669658,0.12763004208651943,-0.1819022265692425,0.06579562387640303,0.12763004208651943,6
61,0.5808370712927261,258,0.7532453339962791,0.9081373572930038,0.1222919959440285,0.17240826270355303,0.3273002860002777,0.1222919959440285,76
62,0.37042283044230667,43,0.2996665769324639,0.4441826795402754,0.06418478928977553,-0.07075625350984277,0.07375984909796873,0.06418478928977553,4
63,0.4006474964746409,105,0.5105878980217753,0.8396294300944098,0.14557628218375754,0.10994040154713441,0.43898193361976895,0.14557628218375754,69
64,0.542637359386729,408,0.3652217502468945,0.7206043643045363,0.10291927990601259,-0.17741560913983448,0.17796700491780737,0.1029192799060126,85
65,0.6732849864279108,606,0.4450455747086385,0.876790850333542,0.14397489079879827,-0.22823941171927228,0.2035058639056312,0.14397489079879827,357
66,0.7130450275344488,39,0.6455745041968586,0.8644014957586825,0.10653249773262055,-0.06747052333759018,0.15135646822423376,0.10653249773262057,18
67,0.1831929990220661,681,0.14285439728544724,0.2823280043590314,0.025599093065245354,-0.04033860173661885,0.09913500533696529,0.025599093065245354,7
68,0.5729641563994553,710,0.3280756430187203,0.7712020475306148,0.12371419410631743,-0.24488851338073503,0.19823789113115953,0.12371419410631743,136
69,0.5272096141679473,173,0.4155331512055107,0.6798571696813233,0.1135635650961322,-0.1116764629624366,0.15264755551337594,0.1135635650961322,85
70,0.36084892647409667,97,0.3235015495825985,0.8454000708416565,0.14227424693011326,-0.03734737689149814,0.4845511443675598,0.14227424693011329,47
71,0.6025012194870691,216,0.7752690603299729,0.9331606286699607,0.1119361743185489,0.17276784084290375,0.3306594091828916,0.1119361743185489,67
72,0.38190058935253207,144,0.26199834443298986,0.6234964364739501,0.09294153043265291,-0.11990224491954224,0.24159584712141807,0.09294153043265291,96
73,0.26237446844462353,144,0.26199834443298986,0.6234964364739501,0.09294153043265291,-0.00037612401163369946,0.3611219680293266,0.09294153043265291,20
74,0.3165786787720106,29,0.6317729528591786,0.8322172510733301,0.22916622838547007,0.31519427408716794,0.5156385723013195,0.22916622838547007,7
75,0.5417855736226349,166,0.3948655508614171,0.71272391183727,0.10429866734095537,-0.1469200227612178,0.1709383382146351,0.10429866734095537,82
76,0.762743579907438,229,0.5150130717662074,0.8012325097202622,0.142318468555456,-0.24773050814123065,0.038488929812824146,0.14231846855545605,87
77,0.7732242443690285,390,0.4554321783249823,0.8117155547329888,0.12799299596836816,-0.3177920660440462,0.03849131036396036,0.12799299596836816,270
78,0.8572261348664234,248,0.5553447222499324,0.8813307946051959,0.11757657027746103,-0.3018814126164911,0.024104659738772516,0.11757657027746102,63
79,0.5142827725248822,196,0.3052471232684716,0.8224959420693442,0.10763389830785937,-0.20903564925641063,0.308213169544462,0.10763389830785937,54
80,0.6547201739305006,133,0.4209344155197577,0.7078918472560443,0.116438923272675,-0.23378575841074295,0.05317167332554362,0.116438923272675,53
81,0.3319037898661971,135,0.2499652065664301,0.44227517866644206,0.06462064637280093,-0.08193858329976703,0.11037138880024494,0.06462064637280093,71
82,0.7112159657584851,361,0.6850810320852363,0.8678633246314593,0.12638957233918607,-0.026134933673248817,0.1566473588729742,0.12638957233918607,113
83,0.5623606087425947,110,0.5822636053598628,0.8680818228990956,0.12833814443696268,0.01990299661726802,0.3057212141565009,0.12833814443696268,110
84,0.1959047356704473,110,0.5822636053598628,0.8680818228990956,0.12833814443696268,0.38635886968941546,0.6721770872286483,0.12833814443696268,40
85,0.26470583099531264,25,0.6747880586236255,0.8657593963502492,0.12858894660885314,0.4100822276283128,0.6010535653549366,0.12858894660885314,25
86,0.7807773221849421,254,0.6398309537056531,0.9210275007305835,0.14953808899108292,-0.14094636847928899,0.14025017854564137,0.14953808899108292,117
87,0.6934818139095419,31,0.6250795606102467,0.8029692646875218,0.14079569844190387,-0.06840225329929517,0.10948745077797994,0.1407956984419039,16
88,0.32513814859281254,47,0.5203007873890734,0.7678860752774835,0.13820895934233493,0.19516263879626083,0.442747926684671,0.1382089593423349,29
89,0.33872479554466234,299,0.2609132492031012,0.3825303661162499,0.06322905799412272,-0.07781154634156112,0.04380557057158757,0.06322905799412272,202
90,0.6649515564043438,208,0.5687808361107094,0.8873666778756875,0.14146050616721384,-0.09617072029363438,0.22241512147134368,0.14146050616721384,34
91,0.43518886782933736,403,0.24814121233324735,0.5611639596442098,0.08862017369802139,-0.18704765549609,0.1259750918148725,0.08862017369802139,183
92,0.39851002871673735,403,0.24814121233324735,0.5611639596442098,0.08862017369802139,-0.15036881638349,0.1626539309274725,0.08862017369802139,183
93,0.6887701701392165,355,0.683686076884415,0.9340955982685393,0.1256141937361404,-0.005084093254801525,0.2453254281293228,0.1256141937361404,178
94,0.4815186208815348,137,0.5655773967075932,0.8704459114738358,0.11494516513065159,0.08405877582605842,0.38892729059230097,0.11494516513065159,58
95,0.4494251669146117,22,0.5197432375396385,0.6998154719178095,0.07895426081649193,0.07031807062502682,0.25039030500319776,0.07895426081649193,12
96,0.4135684352582827,359,0.22897455192531513,0.5456875044358741,0.07763044247786745,-0.18459388333296756,0.13211906917759142,0.07763044247786745,176
97,0.7538951882493887,36,0.8294272159903368,0.9198796061689183,0.11656774930242483,0.07553202774094803,0.16598441791952956,0.11656774930242482,7
98,0.4986560295856185,487,0.3420583635971857,0.5868972997533777,0.06855422536150281,-0.15659766598843278,0.08824127016775918,0.0685542253615028,128
99,0.2884305786555219,487,0.3420583635971857,0.5868972997533777,0.06855422536150281,0.053627784941663814,0.29846672109785577,0.06855422536150281,32
100,0.7496125838587024,85,0.6101285515305563,0.7852588163001282,0.12531421262864115,-0.1394840323281461,0.03564623244142573,0.12531421262864118,28
101,0.36439360856037717,108,0.4348209938274842,0.8819962836502787,0.13616497741538686,0.07042738526710701,0.5176026750899015,0.13616497741538688,50
102,0.4690057904283304,14,0.47575309684187195,0.618583491577876,0.10889032078735347,0.006747306413541571,0.14957770114954555,0.10889032078735346,1
103,0.7923372501475114,183,0.7684306816714304,0.9238496371923091,0.12274336924326419,-0.02390656847608108,0.13151238704479762,0.1227433692432642,94
104,0.550156412417576,125,0.5830301509268405,0.8105619453468376,0.1278112179302886,0.03287373850926456,0.2604055329292616,0.1278112179302886,70
105,0.4252987415757078,128,0.5178299509187019,0.8464601956454089,0.15082971504811127,0.09253120934299408,0.42116145406970107,0.15082971504811127,97
106,0.5916277966742379,146,0.5160704346530532,0.6688219127819411,0.10238383016183453,-0.07555736202118468,0.07719411610770321,0.10238383016183453,84
107,0.7812759375156861,221,0.7102860639627036,0.9183418016468075,0.14044552922116038,-0.07098987355298259,0.13706586413112132,0.1404455292211604,73
108,0.8888730494256725,267,0.7136363011631753,0.9332661939062734,0.1382297263702437,-0.17523674826249713,0.04439314448060094,0.1382297263702437,50
109,0.6325740322099198,246,0.3976838112600053,0.7584016259828564,0.117394064043039,-0.2348902209499145,0.12582759377293662,0.117394064043039,118
110,0.628686275140444,65,0.562125617420452,0.7813000725200127,0.10618802286404085,-0.06656065771999198,0.1526137973795687,0.10618802286404085,37
111,0.6213983622644123,206,0.5662481856125794,0.8783169394775804,0.1293365865809552,-0.055150176651832916,0.25691857721316813,0.1293365865809552,130
112,0.7505488019376827,319,0.6093939302035936,0.9313955182516626,0.16720484556890305,-0.14115487173408914,0.18084671631397986,0.16720484556890305,232
113,0.5115647154654289,26,0.570505837118443,0.7524951840221255,0.07882961945944578,0.05894112165301413,0.24093046855669653,0.07882961945944578,19
114,0.3701229528529767,264,0.4932900471922077,0.8111559177250023,0.1285063119685018,0.12316709433923104,0.4410329648720256,0.1285063119685018,143
115,0.17592421175771727,264,0.4932900471922077,0.8111559177250023,0.1285063119685018,0.3173658354344905,0.635231705967285,0.12850631196850176,220
116,0.46382340884915557,55,0.5825188519698148,0.8954501564297211,0.1290791211636595,0.11869544312065922,0.4316267475805656,0.1290791211636595,22
117,0.34877424475976865,192,0.48551746263512496,0.7820210503919613,0.1214612527974416,0.13674321787535632,0.4332468056321927,0.1214612527974416,21
118,0.794713989161739,375,0.561863302301735,0.8390840252773435,0.16206769454213776,-0.23285068686000399,0.04437003611560453,0.16206769454213776,144
119,0.5236357490398444,169,0.6521227266761251,0.8849632504613805,0.13583386073192757,0.1284869776362807,0.361327501421536,0.13583386073192757,105
120,0.49044689078380066,58,0.7395710313460404,0.8668030370019024,0.09593019259617422,0.2491241405622398,0.37635614621810176,0.09593019259617423,21
121,0.8284103146048216,101,0.6529697287846091,0.8929436322620906,0.14183546410689774,-0.1754405858202125,0.064533317657269,0.14183546410689774,24
122,0.3562243054252075,130,0.4244912706608,0.7785426238422227,0.1003600190685035,0.0682669652355925,0.4223183184170152,0.1003600190685035,74
123,0.36977852758096874,119,0.8431654343175182,0.9401684504740342,0.10229469069069766,0.4733869067365495,0.5703899228930654,0.10229469069069767,83
124,0.27764940866171334,119,0.8431654343175182,0.9401684504740342,0.10229469069069766,0.5655160256558049,0.6625190418123208,0.10229469069069767,83
125,0.6716378852755872,433,0.5026286469103199,0.8001214894425713,0.1340221117264675,-0.16900923836526727,0.12848360416698412,0.1340221117264675,53
126,0.8018633186326394,248,0.7840201148794184,0.9036479626270848,0.11048778471285967,-0.017843203753221015,0.10178464399444542,0.11048778471285967,95
127,0.28187926893031795,248,0.7840201148794184,0.9036479626270848,0.11048778471285968,0.5021408459491004,0.6217686936967668,0.11048778471285968,163
128,0.40047702269500696,94,0.4798530834209668,0.649397674785506,0.10299635303454445,0.07937606072595985,0.24892065209049907,0.10299635303454445,67
129,0.35585882146487546,94,0.4798530834209668,0.649397674785506,0.10299635303454445,0.12399426195609134,0.29353885332063057,0.10299635303454445,35
130,0.45195200280196657,484,0.35619344854762314,0.5675972576963859,0.09815863278916052,-0.0957585542543434,0.11564525489441935,0.09815863278916051,47
131,0.38922809246015416,235,0.3262446708843969,0.7203233026972752,0.11045831386086918,-0.06298342157575726,0.331095210237121,0.11045831386086918,51
132,0.6404218695353087,197,0.5514800115010475,0.8706385795103239,0.13959889548054083,-0.08894185803426113,0.2302167099750152,0.1395988954805408,93
133,0.6841283679821213,520,0.5147613208906991,0.8768102615577786,0.11852065907286842,-0.1693670470914222,0.19268189357565735,0.11852065907286842,203
134,0.7672110598231308,249,0.6121068507965552,0.8212716447711882,0.11065942413665111,-0.1551042090265755,0.05406058494805743,0.11065942413665111,108
135,0.6342244676965567,249,0.6121068507965552,0.8212716447711882,0.11065942413665111,-0.02211761690000147,0.18704717707463148,0.11065942413665111,0
136,0.8346342258225219,407,0.6932784174749927,0.9367994210560538,0.13321981371926628,-0.14135580834752914,0.10216519523353196,0.13321981371926628,119
137,0.6909993261364882,19,0.714511349853991,0.8472427479106291,0.10798304891113157,0.023512023717502828,0.15624342177414097,0.10798304891113157,4
138,0.7242833393045806,169,0.5396292676308646,0.7447443334325249,0.10909157184882542,-0.18465407167371595,0.020460994127944332,0.10909157184882544,37
139,0.5135025983042818,13,0.4583410349894409,0.5899141801861089,0.07530849932884517,-0.0551615633148409,0.07641158188182706,0.07530849932884517,10
140,0.5071584204162338,171,0.6404151356930099,0.832484600039826,0.13148252967478793,0.13325671527677607,0.3253261796235922,0.1314825296747879,136
141,0.5005620426274199,216,0.5762353017687389,0.812613438939355,0.11091445506373943,0.075673259141319,0.3120513963119351,0.11091445506373943,48
142,0.6330935299160739,264,0.5204480314210722,0.742765378260684,0.11808509613195596,-0.11264549849500166,0.10967184834461008,0.11808509613195596,44
143,0.5980257885078599,239,0.3703058905203313,0.6949225521754872,0.12906842256592835,-0.22771989798752862,0.09689676366762723,0.12906842256592835,61
144,0.39177774269480653,319,0.2426899724209023,0.4386945589018378,0.08153299889500705,-0.14908777027390424,0.04691681620703125,0.08153299889500705,103
145,0.26208910173075506,186,0.2787232964164863,0.5702098583886517,0.09864472605127092,0.016634194685731213,0.3081207566578966,0.09864472605127092,40
146,0.43777913266239754,149,0.5654583615632645,0.9130837278085943,0.12864910592350692,0.12767922890086691,0.4753045951461967,0.12864910592350692,89
147,0.7717726415372386,190,0.6827170897278674,0.884699096742274,0.1310772191261348,-0.08905555180937125,0.11292645520503541,0.1310772191261348,135
148,0.3469821928113897,122,0.31886378356237244,0.6713446601873637,0.07002919094305061,-0.028118409249017234,0.324362467375974,0.07002919094305061,32
149,0.4411166132828307,316,0.2911171074487281,0.7354636062871706,0.10210951070470961,-0.14999950583410257,0.29434699300433986,0.10210951070470962,26
150,0.8190722521900563,316,0.2911171074487281,0.7354636062871706,0.10210951070470962,-0.5279551447413282,-0.08360864590288575,0.10210951070470962,26
151,0.6176911941036319,555,0.39563203171390476,0.8122649023025829,0.12721594394151425,-0.22205916238972717,0.19457370819895092,0.12721594394151425,159
152,0.6786181154392725,281,0.4903782714253665,0.8661948590452606,0.10859636110689772,-0.18823984401390603,0.18757674360598808,0.10859636110689772,33
153,0.49103551356763364,60,0.5905281450071089,0.7999959709321334,0.09889606909438588,0.09949263143947529,0.30896045736449973,0.09889606909438586,33
154,0.18495553644513674,757,0.1374437150925763,0.19319869540267512,0.03009694111679131,-0.047511821352560435,0.008243158957538382,0.030096941116791308,183
155,0.6056137866355813,507,0.3756567379629901,0.6686940294505314,0.10311332478802396,-0.2299570486725912,0.06308024281495006,0.10311332478802397,39
156,0.5684587124417606,250,0.42386659080334044,0.7940932917256952,0.1358629490291841,-0.14459212163842017,0.2256345792839346,0.1358629490291841,80
157,0.5622977280227048,18,0.6150067903773642,0.6785312524349125,0.12448490562042411,0.052709062354659386,0.11623352441220769,0.12448490562042411,6
158,0.687890739535066,410,0.7512550570252663,0.9033561909338566,0.12289686290377916,0.06336431749020038,0.2154654513987906,0.12289686290377916,146
159,0.5545746401290736,180,0.5934219807511251,0.9015462507078901,0.13033950568290756,0.03884734062205142,0.3469716105788164,0.13033950568290756,103
160,0.03244495277112882,180,0.5934219807511251,0.9015462507078901,0.13033950568290753,0.5609770279799963,0.8691012979367613,0.13033950568290753,39
161,0.7541182695139828,138,0.6924199056304875,0.9090868522622937,0.1444310792913585,-0.061698363883495255,0.15496858274831093,0.1444310792913585,68
162,0.3979040779127617,29,0.5105510596034408,0.6148525122762646,0.08958509068591083,0.1126469816906791,0.21694843436350286,0.08958509068591082,25
163,0.13468688211589327,451,0.5428824938487924,0.855161788733525,0.11813505741246834,0.4081956117328991,0.7204749066176317,0.11813505741246834,112
164,0.8374091744783276,165,0.606661499019583,0.9380998744205983,0.14723450544565095,-0.23074767545874464,0.10069069994227065,0.14723450544565095,27
165,0.40102665606831556,218,0.34201634794919683,0.6878267723733917,0.1316466201030548,-0.059010308119118726,0.2868001163050762,0.1316466201030548,48
166,0.7176158745437983,309,0.5260726944109972,0.7007018173336984,0.10172752600808319,-0.19154318013280103,-0.016914057210099864,0.10172752600808319,2
167,0.6584226812466061,272,0.5321976482849737,0.7312083057741117,0.11251814078002886,-0.1262250329616323,0.07278562452750559,0.11251814078002886,65
168,0.5273109235004527,272,0.5321976482849737,0.7312083057741117,0.11251814078002886,0.004886724784521068,0.20389738227365894,0.11251814078002886,65
169,0.731492796774516,329,0.46513821427319924,0.9365894984608605,0.14038497956290355,-0.2663545825013167,0.20509670168634453,0.14038497956290352,98
170,0.6192570573143896,404,0.35173081556172475,0.7671144261777371,0.12406958707734261,-0.2675262417526649,0.14785736886334744,0.12406958707734261,152
171,0.3859447561674186,231,0.3425506168996058,0.5334440241998353,0.0704284839193039,-0.04339413926781277,0.1474992680324167,0.0704284839193039,69
172,0.7120626544017776,43,0.5464228099494696,0.7083594633084619,0.12620321279560173,-0.16563984445230806,-0.0037031910933157386,0.12620321279560176,29
173,0.47072821158342537,137,0.5511785307845071,0.8908192017374431,0.12125892041407285,0.0804503192010817,0.42009099015401774,0.12125892041407285,69
174,0.3426777863228231,58,0.300527338822262,0.4195062528433566,0.05259026659618069,-0.04215044750056107,0.07682846652053349,0.052590266596180685,23
175,0.6358209968803862,167,0.47658220451425115,0.7553473234671486,0.11102873566386043,-0.15923879236613503,0.11952632658676243,0.11102873566386043,110
176,0.2238941451121778,359,0.6497524667661839,0.9030067365739668,0.13164947938557572,0.4258583216540061,0.679112591461789,0.13164947938557572,329
177,0.0767773571622719,359,0.6497524667661839,0.9030067365739668,0.13164947938557572,0.5729751096039121,0.8262293794116949,0.13164947938557572,329
178,0.36298363927122324,51,0.5821595625118015,0.7816087072534775,0.11204935744979846,0.21917592324057822,0.4186250679822543,0.11204935744979846,39
179,0.3565164556015876,165,0.23909099673709125,0.639884480000459,0.10373551459674935,-0.11742545886449637,0.28336802439887143,0.10373551459674935,90
180,0.2699850553318156,494,0.1722313697179663,0.3360229010964047,0.0475131828287575,-0.09775368561384931,0.0660378457645891,0.0475131828287575,183
181,0.4580907235233614,494,0.1722313697179663,0.3360229010964047,0.04751318282875751,-0.28585935380539507,-0.12206782242695668,0.0475131828287575,183
182,0.4267175419766887,303,0.2547157708755734,0.8575926305560023,0.14231145089438416,-0.1720017711011153,0.4308750885793136,0.14231145089438413,94
183,0.6438970754146427,169,0.4745329626976147,0.7888930955194282,0.12017328181152383,-0.169364112717028,0.14499602010478552,0.12017328181152383,124
184,0.8891014204667556,166,0.7906404360336596,0.9152508086678373,0.09751004425886035,-0.09846098443309592,0.026149388201081702,0.09751004425886034,106
185,0.8330157421148819,99,0.7578075871993749,0.9162776776081043,0.09754147358980901,-0.07520815491550703,0.08326193549322236,0.09754147358980901,65
186,0.8543653385157546,138,0.6815852999924701,0.8980126081913331,0.13978680916389954,-0.17278003852328455,0.043647269675578526,0.13978680916389954,18
187,0.6756109369337351,145,0.4699242765318096,0.7328466058975325,0.09920608844499017,-0.20568666040192546,0.05723566896379739,0.09920608844499017,67
188,0.6307722261623976,55,0.7006863107861855,0.8768246148064905,0.10264393792526819,0.0699140846237879,0.24605238864409296,0.10264393792526816,29
189,0.7160441632656432,66,0.5981332847037761,0.8033378141575875,0.10103513756848743,-0.1179108785618671,0.0872936508919443,0.10103513756848743,7
190,0.3413665487812953,62,0.49788018960489633,0.8494640944027335,0.13238226617111254,0.15651364082360103,0.5080975456214383,0.13238226617111254,43
191,0.6330935299160739,266,0.5204480314210722,0.742765378260684,0.11901761826869914,-0.11264549849500166,0.10967184834461008,0.11901761826869912,44
192,0.41591204709255136,59,0.43009374122976113,0.641685440847731,0.08885830087361332,0.014181694137209766,0.22577339375517969,0.08885830087361332,3
193,0.5844860779881329,96,0.6874053364559187,0.8841750639902377,0.1463514882244348,0.10291925846778582,0.2996889860021048,0.1463514882244348,63
194,0.4479102249993569,320,0.3469927229800254,0.5162660129023735,0.0797584018923125,-0.10091750201933147,0.06835578790301661,0.0797584018923125,126
195,0.801888909142625,171,0.8714257649440545,0.9406069230831647,0.09571242980949547,0.06953685580142954,0.13871801394053973,0.09571242980949549,94
196,0.7252702099984256,79,0.7898128991434742,0.9312933300010938,0.08237032981961338,0.06454268914504857,0.2060231200026682,0.08237032981961338,37
197,0.8015823313615688,179,0.657704981961435,0.9309073925673009,0.12747667926179032,-0.14387734940013375,0.12932506120573217,0.12747667926179032,65
198,0.7927974244467024,267,0.6785575078039231,0.8371996398190907,0.10634758738030055,-0.11423991664277933,0.04440221537238831,0.10634758738030055,127
199,0.8866479533158794,112,0.6767069528986558,0.9413509826160504,0.1401613169895837,-0.20994100041722358,0.05470302930017101,0.1401613169895837,18
200,0.1763021876695073,27,0.2891778520667603,0.35496271637053023,0.08072749492117268,0.11287566439725297,0.17866052870102292,0.08072749492117269,17
201,0.7087811063178283,312,0.8098658786805284,0.9363905855578389,0.09881358012053407,0.10108477236270014,0.22760947924001063,0.09881358012053407,44
202,0.40212650624829405,70,0.4469550617177186,0.8735101541891064,0.16208509380639788,0.04482855546942455,0.47138364794081233,0.16208509380639788,40
203,0.6725578996267864,441,0.450314804600693,0.7600164192497518,0.13880185725623415,-0.22224309502609335,0.08745851962296547,0.13880185725623415,87
204,0.16276043934928294,441,0.450314804600693,0.7600164192497518,0.13880185725623415,0.2875543652514101,0.5972559799004689,0.13880185725623412,425
205,0.77277267932018,124,0.525855706251785,0.8676778213491746,0.12673033425339655,-0.24691697306839494,0.09490514202899458,0.12673033425339655,68
206,0.8308186655482934,303,0.8268048548569784,0.9432294594864145,0.10801607841796686,-0.004013810691315012,0.11241079393812103,0.10801607841796686,62
207,0.40375011711267644,106,0.26929906497330636,0.8462183543192323,0.0946139828035689,-0.1344510521393701,0.44246823720655587,0.0946139828035689,19
208,0.32741103306853214,106,0.26929906497330636,0.8462183543192323,0.09461398280356892,-0.058111968095225786,0.5188073212507002,0.0946139828035689,4
209,0.809001628426526,248,0.7262258999191062,0.8829468920436693,0.13268325577044374,-0.08277572850741971,0.07394526361714326,0.13268325577044374,179
210,0.6701495558037488,247,0.6064197917748849,0.8396465362454097,0.1257095734316793,-0.06372976402886388,0.16949698044166095,0.1257095734316793,113
211,0.22653247037256122,753,0.19849308264134852,0.28783045074366825,0.045825080285941705,-0.0280393877312127,0.061297980371107036,0.045825080285941705,510
212,0.7645055100124322,266,0.7135193810043736,0.8811213927657896,0.1024385454516486,-0.050986129008058545,0.11661588275335744,0.1024385454516486,140
213,0.39263062423824757,9,0.5326467436703413,0.6342026069647643,0.0878637484191972,0.1400161194320937,0.2415719827265167,0.0878637484191972,4
214,0.46795440301271596,272,0.3813331758820472,0.7838589055457232,0.09434467560079411,-0.08662122713066878,0.3159045025330073,0.09434467560079411,66
215,0.33131053207224875,501,0.22286952159983453,0.5743823860443048,0.07968686073897648,-0.10844101047241422,0.24307185397205605,0.07968686073897648,42
216,0.2286886083765042,620,0.17640065099852092,0.26547070060555855,0.02950489631490696,-0.05228795737798329,0.03678209222905435,0.02950489631490696,64
217,0.6359461805524929,98,0.70929273309174,0.9211314069431957,0.10220798225171639,0.0733465525392471,0.2851852263907029,0.10220798225171639,38
218,0.5680922534735211,280,0.5222660358097861,0.9048017674136409,0.13870708678943838,-0.04582621766373496,0.33670951394011983,0.13870708678943838,118
219,0.3306265626809123,127,0.32851018014291633,0.8137465653813988,0.1237562060502797,-0.0021163825379959533,0.4831200027004865,0.12375620605027969,17
220,0.24655132085441242,127,0.32851018014291633,0.8137465653813988,0.1237562060502797,0.08195885928850391,0.5671952445269863,0.12375620605027969,17
221,0.21204366595811164,127,0.32851018014291633,0.8137465653813988,0.1237562060502797,0.11646651418480469,0.6017028994232871,0.1237562060502797,3
222,0.19451724813473933,69,0.2146741469142654,0.3867208896130404,0.05906125800091151,0.02015689877952606,0.19220364147830107,0.05906125800091151,19
223,0.9222668655733665,100,0.7040426232878894,0.9351864372333023,0.1339930534294292,-0.2182242422854771,0.012919571659935847,0.1339930534294292,26
224,0.46872102429764523,29,0.3737435659186257,0.5820669509775356,0.09113640209625645,-0.09497745837901955,0.11334592667989035,0.09113640209625645,0
225,0.5855060519155003,501,0.41617726734440635,0.5936326769149023,0.09267041350293266,-0.16932878457109396,0.008126624999401977,0.09267041350293265,147
226,0.7452640844090571,128,0.5701392946732341,0.9022099729085927,0.13643404682135496,-0.17512478973582302,0.1569458884995356,0.13643404682135496,15
227,0.3580050267611413,102,0.5674613544043345,0.7497986296975687,0.15049157599895494,0.20945632764319322,0.3917936029364274,0.15049157599895494,61
228,0.4602154446915017,443,0.3043991237479502,0.5870648376607754,0.08607916243938595,-0.15581632094355152,0.12684939296927372,0.08607916243938595,52
229,0.8178744322781549,108,0.5232314050964237,0.9129364031728745,0.14465757039646024,-0.2946430271817312,0.09506197089471957,0.14465757039646024,14
230,0.3428685431917611,184,0.27979122847934085,0.6362958821235356,0.07665056928509738,-0.06307731471242023,0.29342733893177453,0.07665056928509738,116
231,0.48511671578835014,63,0.4297680991308782,0.6416234494775354,0.0927516395539992,-0.05534861665747193,0.15650673368918522,0.0927516395539992,16
232,0.6227397221533864,145,0.7221219352116501,0.9410717695128664,0.12777405815537285,0.09938221305826378,0.31833204735948006,0.12777405815537285,45
233,0.8636949977383397,207,0.7115730224359171,0.8958895246292006,0.12653703954549433,-0.15212197530242255,0.032194526890860886,0.1265370395454943,86
234,0.6711145343894273,210,0.4608102750603852,0.8508396961681096,0.1290505940739292,-0.21030425932904204,0.17972516177868236,0.1290505940739292,58
235,0.3571882585603731,320,0.571247958604693,0.8700561891003223,0.11928590894345649,0.2140597000443199,0.5128679305399493,0.11928590894345648,136
236,0.5874798137867985,217,0.4752277277353359,0.6903200524392228,0.09530672431360467,-0.11225208605146259,0.10284023865242431,0.09530672431360467,111
237,0.26341943066424184,433,0.19226361017646468,0.39494474870108315,0.05786980402051032,-0.07115582048777716,0.1315253180368413,0.05786980402051032,40
238,0.5320679460642163,146,0.3360689303033592,0.5687131143720453,0.08738208457888647,-0.19599901576085704,0.036645168307829046,0.08738208457888647,10
239,0.7576131371191168,309,0.5306949639668426,0.8843604441144279,0.13678817684808456,-0.22691817315227425,0.12674730699531112,0.13678817684808456,65
240,0.11356167014864146,309,0.5306949639668426,0.8843604441144279,0.13678817684808453,0.4171332938182011,0.7707987739657864,0.13678817684808453,202
241,0.7967911857797698,215,0.6271108638899183,0.8537587365154603,0.11796733280417798,-0.1696803218898515,0.056967550735690486,0.117967332804178,57
242,0.5445786881458932,273,0.49171356764597346,0.8471712508595763,0.12893456016392818,-0.052865120499919704,0.3025925627136832,0.12893456016392818,188
243,0.7114345138310305,37,0.6090530805708932,0.8365795825366691,0.1339936452013093,-0.10238143326013727,0.12514506870563857,0.1339936452013093,15
244,0.4740919279693081,332,0.3546297901945802,0.6393675930263941,0.11804252247491541,-0.11946213777472792,0.16527566505708602,0.11804252247491541,37
245,0.3316970024889565,91,0.26686674991672016,0.43388780317654546,0.061759836620845505,-0.06483025257223635,0.10219080068758896,0.061759836620845505,19
246,0.3608202823251693,419,0.3515910704182909,0.5405951182932824,0.07389134830437852,-0.009229211906878365,0.17977483596811317,0.07389134830437852,14
247,0.7856923773821717,457,0.6179277377417158,0.8359857357841216,0.10638888092805565,-0.16776463964045585,0.05029335840194993,0.10638888092805565,65
248,0.33279567772779733,358,0.21908118101463175,0.41457052800749583,0.06873280749488168,-0.11371449671316557,0.0817748502796985,0.0687328074948817,73
249,0.3180285206431645,281,0.19806315998967355,0.6492309533826719,0.07579453080323897,-0.11996536065349095,0.3312024327395074,0.07579453080323897,112
250,0.7079213197705984,95,0.4405759734055855,0.8722931971008693,0.1310857282934342,-0.26734534636501284,0.16437187733027092,0.1310857282934342,59
251,0.7508647555172763,254,0.6638919385817441,0.8588859744771539,0.12772412546976658,-0.08697281693553216,0.1080212189598776,0.12772412546976658,132
252,0.05056686727547866,145,0.5862724734606739,0.8824860924388631,0.11228318755056667,0.5357056061851952,0.8319192251633845,0.11228318755056668,63
253,0.8096716543147999,181,0.7969485746601017,0.9398831960844409,0.11874935708481237,-0.01272307965469821,0.130211541769641,0.11874935708481237,120
254,0.7301254921548079,222,0.5440176132916602,0.7862025642125787,0.13905466378827888,-0.18610787886314772,0.056077072057770794,0.13905466378827888,162
255,0.8542365891180931,276,0.7932495577775512,0.9468168536405678,0.10609582243891252,-0.06098703134054184,0.0925802645224747,0.10609582243891252,90
256,0.9145477830904152,321,0.8300752260581962,0.9428131555251613,0.12036368085836932,-0.08447255703221901,0.02826537243474614,0.12036368085836929,88
257,0.5032490235011318,401,0.3269477426617742,0.7072534941447814,0.10309771506862836,-0.1763012808393576,0.20400447064364968,0.10309771506862835,30
258,0.15779100144195388,401,0.3269477426617742,0.7072534941447814,0.10309771506862836,0.1691567412198203,0.5494624927028275,0.10309771506862835,240
259,0.432027738820179,210,0.31247463633519557,0.4764719102283063,0.06703397875273709,-0.11955310248498341,0.04444417140812734,0.06703397875273709,30
260,0.3086347876867123,368,0.22925491234192605,0.5133413519362791,0.07410726706805133,-0.07937987534478627,0.20470656424956674,0.07410726706805133,188
261,0.4573909648534195,639,0.4343214415690428,0.6563451646111461,0.09836140801321927,-0.023069523284376725,0.1989541997577266,0.09836140801321927,134
262,0.8051816124362486,432,0.7653255109723046,0.9179811817036637,0.12142912828525387,-0.03985610146394403,0.11279956926741508,0.12142912828525389,192
263,0.7265559294057652,292,0.47784194131197666,0.7565593637337559,0.13325896612470714,-0.2487139880937885,0.030003434327990686,0.13325896612470714,155
264,0.8016505820392625,471,0.5579732922502925,0.8987951996417791,0.12698380898044126,-0.24367728978897008,0.09714461760251658,0.12698380898044126,30
265,0.4901800815801378,165,0.5409736999021281,0.937211079949125,0.13028119336810734,0.05079361832199025,0.4470309983689872,0.13028119336810737,56
266,0.7918165012526931,183,0.4770213588016203,0.8929656435947854,0.1450899421853857,-0.3147951424510728,0.10114914234209227,0.1450899421853857,56
267,0.08987434515285701,167,0.6910442146811644,0.8691531756283206,0.0767088598048686,0.6011698695283074,0.7792788304754636,0.07670885980486862,158
268,0.42291450465638253,307,0.40396235542911735,0.7944216492976014,0.1013278663755854,-0.01895214922726518,0.37150714464121887,0.1013278663755854,91
269,0.8517959163039613,169,0.7905311946712174,0.9093967740948945,0.11117627678911553,-0.06126472163274399,0.05760085779093316,0.11117627678911554,88
270,0.8536215236957835,192,0.6673472895093633,0.9066506428188187,0.10927341745894156,-0.18627423418642014,0.05302911912303521,0.10927341745894158,8
271,0.7781026559639781,122,0.5705506430237703,0.9337622550349947,0.1503788459383412,-0.20755201294020775,0.15565959907101656,0.1503788459383412,37
272,0.46263696093343076,11,0.45331373934730307,0.7451578253854967,0.14710065875326964,-0.009323221586127695,0.2825208644520659,0.14710065875326964,8
273,0.40127983688690544,91,0.589571396072875,0.9119206847883603,0.11507163710071501,0.18829155918596957,0.5106408479014548,0.11507163710071498,62
274,0.2775033714829599,91,0.589571396072875,0.9119206847883603,0.11507163710071501,0.3120680245899151,0.6344173133054004,0.11507163710071501,62
275,0.4325861423804816,169,0.48616343530877654,0.8540702152599285,0.12067689715647326,0.05357729292829494,0.42148407287944695,0.12067689715647327,100
276,0.5769827958270134,59,0.6401436719983262,0.8387761864896109,0.10669877819135444,0.06316087617131283,0.26179339066259755,0.10669877819135444,17
277,0.3991150858541182,9,0.5429246315671382,0.6973345610629298,0.1022452443110462,0.14380954571302001,0.2982194752088116,0.1022452443110462,4
278,0.6290814951669367,220,0.6857642995729508,0.9201018678358185,0.11522671095713531,0.05668280440601414,0.2910203726688818,0.11522671095713531,127
279,0.7916771843362193,284,0.5884868692152152,0.847805240308059,0.1545082224617658,-0.203190315121004,0.056128055971839785,0.1545082224617658,82
280,0.8253037253105497,352,0.7341129387564327,0.8966175839245834,0.13573453840090896,-0.091190786554117,0.07131385861403361,0.135734538400909,239
281,0.864712717836714,179,0.6726099645930095,0.9276294755144622,0.16448350110827234,-0.19210275324370452,0.06291675767774818,0.16448350110827234,52
282,0.8998200956985529,259,0.7631189781460868,0.9411403038116345,0.1393184693532234,-0.13670111755246617,0.04132020811308157,0.1393184693532234,152
283,0.45980611509066177,51,0.5212978906415081,0.6098589135213651,0.08430543929140458,0.06149177555084634,0.15005279843070335,0.08430543929140458,22
284,0.31266119986484187,29,0.4230786035144987,0.6371713966768775,0.11508538215109158,0.11041740364965685,0.32451019681203563,0.11508538215109158,13
285,0.2894274347351113,58,0.24036073817714615,0.4163365992138502,0.06587347410480363,-0.049066696557965125,0.1269091644787389,0.06587347410480363,31
286,0.8227844012573676,248,0.6800019571714098,0.9098335845032821,0.14645821328077957,-0.14278244408595786,0.08704918324591449,0.14645821328077957,31
287,0.5863590335117103,81,0.5220212211810269,0.7432134215591422,0.10530460482429847,-0.06433781233068336,0.1568543880474319,0.10530460482429847,14
288,0.14787449288359605,81,0.5220212211810269,0.7432134215591422,0.10530460482429846,0.37414672829743084,0.5953389286755462,0.10530460482429847,30
289,0.09370727646314425,81,0.5220212211810269,0.7432134215591422,0.10530460482429847,0.42831394471788264,0.6495061450959979,0.10530460482429847,25
290,0.100067479538427,127,0.08350553280993589,0.11138805545237697,0.014382926615267955,-0.01656194672849111,0.01132057591394997,0.014382926615267955,55
291,0.49658062637922074,268,0.31668223670009954,0.8806872812081881,0.12213369992816393,-0.1798983896791212,0.38410665482896733,0.12213369992816393,109
292,0.5466495888095015,103,0.5681374031144323,0.8809270631917102,0.1334036091840568,0.02148781430493074,0.3342774743822087,0.1334036091840568,60
293,0.4083069985344587,175,0.4877361678145581,0.8527701295972304,0.13025907696286154,0.07942916928009941,0.44446313106277174,0.13025907696286154,58
294,0.21801529796556143,195,0.16065139146991927,0.3788540793741227,0.05549056557991848,-0.05736390649564216,0.16083878140856125,0.05549056557991847,98
295,0.3723115666630759,477,0.2673034965089022,0.44584721557371004,0.05628391292631894,-0.10500807015417368,0.07353564891063413,0.05628391292631894,41
296,0.42166913720490123,261,0.28123904001389516,0.6606430401299411,0.11714979803582454,-0.14043009719100608,0.2389739029250399,0.11714979803582452,7
297,0.1033152753901815,367,0.08397356173146663,0.1251788748771266,0.017529923703392604,-0.01934171365871487,0.021863599486945093,0.017529923703392604,64
298,0.8502651845040542,534,0.5646062065250895,0.8818906351143548,0.1627179114089351,-0.28565897797896467,0.03162545061030064,0.1627179114089351,349
299,0.5972029893692233,347,0.4309383012265448,0.832498416970001,0.1469286846850821,-0.16626468814267853,0.2352954276007777,0.1469286846850821,191
300,0.5001133750938248,264,0.3272473965437418,0.5551137459679858,0.07887044620537238,-0.17286597855008298,0.055000370874160986,0.07887044620537238,68
301,0.559500218061711,103,0.555569037827018,0.8871419404389416,0.1331845368086898,-0.003931180234692966,0.32764172237723055,0.1331845368086898,18
302,0.6621165611785135,483,0.4837053165911279,0.7159588031114832,0.10249990431732303,-0.17841124458738555,0.053842241932969714,0.10249990431732302,35
303,0.7530843253038089,217,0.5438095025282155,0.8421495836580772,0.1419048190536072,-0.2092748227755934,0.08906525835426837,0.1419048190536072,90
304,0.580769434274397,89,0.6972662840711583,0.8419058570263157,0.10282622500367897,0.11649684979676134,0.26113642275191873,0.10282622500367895,45
305,0.7420806150852876,156,0.7833687927934779,0.9425695433361987,0.10550658655866992,0.04128817770819038,0.20048892825091114,0.10550658655866992,47
306,0.6324908101043021,94,0.7075663992081969,0.902666943610935,0.12645838739609389,0.07507558910389472,0.27017613350663294,0.12645838739609389,40
307,0.46784626756697373,114,0.5725740827752595,0.8630568254409848,0.09922988736565205,0.10472781520828572,0.3952105578740111,0.09922988736565207,64
308,0.5509263977096905,327,0.44708570422122207,0.8373697717481038,0.15760612895485024,-0.10384069348846847,0.28644337403841325,0.15760612895485024,27
309,0.5301091582882802,30,0.5542584909352366,0.7244800728180492,0.09813549458527156,0.0241493326469564,0.19437091452976896,0.09813549458527156,9
310,0.9174127798087979,256,0.6380872802185238,0.9385835041219032,0.15083704190755076,-0.27932549959027403,0.021170724313105294,0.15083704190755076,16
311,0.5151597788599056,98,0.4889237631288813,0.8194746069501953,0.13945362547813142,-0.026236015731024326,0.30431482809028965,0.13945362547813142,61
312,0.5885932991379204,300,0.4161449622901719,0.7020254614298453,0.10263196367791032,-0.17244833684774846,0.11343216229192499,0.10263196367791032,123
313,0.6285025877883264,171,0.4401584449447757,0.8608583915895801,0.14038805294331722,-0.18834414284355067,0.23235580380125376,0.14038805294331722,54
314,0.7071693014525969,140,0.6651673746732432,0.8859589980190904,0.1254719513380497,-0.042001926779353715,0.17878969656649346,0.12547195133804973,69
315,0.02871125546777756,140,0.6651673746732432,0.8859589980190904,0.12547195133804973,0.6364561192054656,0.8572477425513129,0.12547195133804973,52
316,0.45278603663958333,556,0.30873483957268694,0.794492117195715,0.09777990742567569,-0.1440511970668964,0.34170608055613166,0.09777990742567567,144
317,0.9256729590726124,160,0.6974847111677741,0.9308537967553833,0.1115903437803264,-0.22818824790483827,0.005180837682770889,0.1115903437803264,7
318,0.6655864468931828,167,0.5809218639960629,0.9465288933052517,0.16607623136006655,-0.08466458289711987,0.2809424464120689,0.16607623136006655,81
319,0.6756078663027947,420,0.5096424991464952,0.7450573281119971,0.10229164560619185,-0.1659653671562995,0.06944946180920242,0.10229164560619185,104
320,0.09498413947501946,807,0.07500207070911472,0.11088920390612525,0.01710353546410203,-0.019982068765904748,0.015905064431105786,0.01710353546410203,86
321,0.6033443396516724,185,0.5063036918193308,0.861159365016978,0.13647196758059899,-0.09704064783234168,0.25781502536530554,0.13647196758059899,51
322,0.48503449155951595,112,0.630015174006134,0.8260315230365567,0.10201563269129148,0.1449806824466181,0.34099703147704075,0.1020156326912915,58
323,0.7285742310609614,115,0.7586811238912768,0.9318424078028835,0.10653755012066665,0.030106892830315424,0.2032681767419221,0.10653755012066664,28
324,0.41481253810576946,148,0.5263961370852331,0.7232129256008616,0.10009511838367521,0.11158359897946368,0.30840038749509213,0.10009511838367521,47
325,0.5015619467469674,159,0.5400221449285526,0.6286568096031374,0.08528408622571403,0.03846019818158519,0.12709486285617,0.08528408622571403,27
326,0.6454556142003682,40,0.5053822713864848,0.8410285919380933,0.13931732079966744,-0.14007334281388334,0.19557297773772508,0.13931732079966744,6
327,0.42842497449662975,167,0.6429850177650256,0.8781055726967553,0.1524838245122823,0.21456004326839584,0.4496805982001255,0.1524838245122823,104
328,0.4671638090242009,585,0.3776372447296217,0.6040927318267002,0.07914202024259928,-0.08952656429457923,0.1369289228024993,0.07914202024259928,203
329,0.6489204335813592,116,0.6903208784865194,0.9235275371315727,0.13417451716566603,0.041400444905160205,0.27460710355021345,0.13417451716566603,40
330,0.7470654350449114,259,0.5644034699018705,0.8990308236974744,0.12490424335745608,-0.1826619651430409,0.15196538865256304,0.12490424335745608,103
331,0.8567737656666877,238,0.6410713297738191,0.8758570366762364,0.16152368117269109,-0.2157024358928687,0.019083271009548652,0.16152368117269109,166
332,0.6740633474703766,298,0.42324612676895734,0.7844152660202935,0.1266838073649974,-0.2508172207014192,0.110351918549917,0.1266838073649974,113
333,0.6575475666503263,163,0.7348740279433862,0.9365625829581717,0.11168758603330037,0.07732646129305987,0.2790150163078454,0.11168758603330037,121
334,0.9412505692947135,367,0.6395597176210708,0.9457206496148343,0.14707056815809058,-0.30169085167364273,0.004470080320120751,0.14707056815809058,73
335,0.55502384083489,183,0.4852834014071379,0.7502537433173441,0.12494745025002206,-0.0697404394277521,0.1952299024824541,0.12494745025002206,51
336,0.7064882384087371,29,0.7009156139362108,0.872595948267027,0.09731682154226826,-0.005572624472526266,0.16610770985828993,0.09731682154226824,15
337,0.5680512768133228,292,0.576540883350896,0.8705667775850898,0.13412537746296155,0.008489606537573191,0.30251550077176703,0.13412537746296155,81
338,0.38662545092972245,194,0.2430951728439097,0.5448921638255233,0.07825008275924145,-0.14353027808581276,0.15826671289580085,0.07825008275924145,65
339,0.6802500634680617,163,0.7638209591188744,0.9412753599381897,0.11810670197989656,0.08357089565081266,0.26102529647012795,0.11810670197989658,44
340,0.7623990741829975,261,0.4679506107811185,0.886656503278639,0.1518475959373014,-0.29444846340187897,0.12425742909564153,0.1518475959373014,159
341,0.43111959026938457,206,0.2882678269089266,0.5725601725955745,0.08584019428494744,-0.14285176336045793,0.1414405823261899,0.08584019428494744,105
342,0.6330935299160739,267,0.5211840028096334,0.742765378260684,0.11801637504382384,-0.11190952710644053,0.10967184834461008,0.11801637504382384,44
343,0.7110607782360152,133,0.5424268693168243,0.8691046466469292,0.13438318653754935,-0.16863390891919094,0.158043868410914,0.13438318653754935,56
344,0.6134577512110917,199,0.498407589406371,0.6788778692487982,0.09875070427694903,-0.11505016180472072,0.06542011803770653,0.09875070427694903,67
345,0.8495907546514884,252,0.5096022060709755,0.8578766413558746,0.14551967751070646,-0.3399885485805128,0.008285886704386236,0.14551967751070646,198
346,0.9101263929042772,269,0.780892255197135,0.9449250699284395,0.13612190507124422,-0.1292341377071422,0.03479867702416228,0.13612190507124422,56
347,0.517854527865434,252,0.32472455069676665,0.7577333689402449,0.11593563228143118,-0.19312997716866734,0.23987884107481094,0.11593563228143118,196
348,0.3058667965188524,252,0.32472455069676665,0.7577333689402449,0.11593563228143118,0.018857754177914215,0.4518665724213925,0.11593563228143118,57
349,0.5855714850226821,144,0.6205343594502093,0.8069940507491998,0.14483758345908698,0.03496287442752727,0.22142256572651775,0.14483758345908698,42
350,0.4804036489034677,64,0.6965650594914092,0.8885454135195593,0.09701034088879028,0.21616141058794147,0.4081417646160916,0.09701034088879026,33
351,0.7206341919984025,58,0.5716687639668829,0.779990484731462,0.10302783028939552,-0.14896542803151952,0.059356292733059535,0.10302783028939552,20
352,0.8064259489968827,190,0.7349911906436342,0.9474917091142528,0.14244479476877497,-0.07143475835324853,0.14106576011737015,0.142444794768775,85
353,0.28770107913601844,221,0.3790456776125746,0.7088702298217026,0.09820633369585922,0.09134459847655618,0.4211691506856841,0.09820633369585922,29
354,0.6209897437850457,139,0.7266018610736839,0.9194336452582341,0.11839127313953132,0.10561211728863817,0.29844390147318844,0.11839127313953131,68
355,0.917711580112694,161,0.8156913067884421,0.941674400702944,0.10112406778711476,-0.1020202733242519,0.0239628205902499,0.10112406778711477,33
356,0.4859839100851221,93,0.7036519744925384,0.8738728504054909,0.1279005095269323,0.21766806440741626,0.3878889403203688,0.1279005095269323,90
357,0.0838789410711439,411,0.7169099455141266,0.901890640415651,0.11616815502327009,0.6330310044429827,0.8180116993445071,0.11616815502327009,360
358,0.6418508425408987,64,0.7692007885905106,0.9317142001973057,0.0995114757716959,0.12734994604961175,0.2898633576564069,0.09951147577169589,20
359,0.5811557038471341,18,0.6356896753562225,0.7326964117092772,0.12665525896619664,0.0545339715090884,0.15154070786214313,0.12665525896619664,7
360,0.5495990091443305,342,0.36765186690205903,0.8248643949588302,0.12349786160081215,-0.18194714224227143,0.2752653858144998,0.12349786160081215,105
361,0.04710119799899647,342,0.36765186690205903,0.8248643949588302,0.12349786160081215,0.32055066890306255,0.7777631969598338,0.12349786160081215,69
362,0.22168669383907116,291,0.15872082398792103,0.3334758330126905,0.04070105587381525,-0.06296586985115013,0.11178913917361935,0.04070105587381525,72
363,0.6132139157654446,665,0.3898532443696762,0.7526561453962299,0.10707604507095422,-0.22336067139576837,0.13944222963078534,0.10707604507095422,88
364,0.6060963935087729,211,0.4195299661186793,0.7832072025036573,0.11220195321719333,-0.18656642739009355,0.1771108089948844,0.11220195321719333,97
365,0.2650263928374025,211,0.4195299661186793,0.7832072025036573,0.11220195321719333,0.15450357328127684,0.5181808096662548,0.11220195321719333,208
366,0.35055326423027944,36,0.286030684588645,0.5365124222122392,0.10246443012850068,-0.06452257964163446,0.18595915798195972,0.10246443012850066,2
367,0.7431366856137289,187,0.6283452166056507,0.9285563235289895,0.15168391645222326,-0.11479146900807824,0.18541963791526062,0.15168391645222326,30
368,0.569414152044543,231,0.7197851250324996,0.927816483481978,0.1108960349314696,0.15037097298795654,0.35840233143743494,0.11089603493146957,98
369,0.7284341904842961,67,0.7859428460576814,0.9416829944590325,0.10852873300907787,0.05750865557338525,0.21324880397473633,0.10852873300907785,30
370,0.2520888044207707,156,0.18011988925043804,0.2321092519078542,0.033155100985663,-0.07196891517033266,-0.0199795525129165,0.033155100985663,52
371,0.5733776254606967,227,0.38305861612913444,0.6517288122687674,0.10533807659980865,-0.19031900933156226,0.07835118680807074,0.10533807659980865,22
372,0.23655882653522678,103,0.18147615722455043,0.32901604348696856,0.04638542533902628,-0.055082669310676347,0.09245721695174178,0.04638542533902627,37
373,0.5180766606155802,103,0.18147615722455043,0.32901604348696856,0.04638542533902628,-0.33660050339102976,-0.18906061712861166,0.04638542533902628,66
374,0.5295731957656133,352,0.3891930325421325,0.651723456207487,0.08218166055380319,-0.14038016322348085,0.1221502604418736,0.08218166055380319,254
375,0.7672832252756947,52,0.6927951900950378,0.94647810799476,0.12526489141020924,-0.074488035180657,0.17919488271906525,0.12526489141020922,27
376,0.18240552799582344,52,0.6927951900950378,0.94647810799476,0.12526489141020924,0.5103896620992143,0.7640725799989365,0.12526489141020924,21
377,0.13088726197403125,138,0.5996983338785926,0.7772071286465915,0.09624145635856649,0.4688110719045614,0.6463198666725603,0.0962414563585665,72
378,0.7348117971659017,386,0.6756507236536263,0.8821499879262703,0.11724817754260439,-0.0591610735122754,0.14733819076036858,0.1172481775426044,291
379,0.47611375119596494,386,0.6756507236536263,0.8821499879262703,0.11724817754260441,0.1995369724576614,0.40603623673030537,0.11724817754260441,291
380,0.3875145981463536,147,0.34958088616960364,0.5019192853143097,0.0821682654321159,-0.03793371197674994,0.11440468716795615,0.08216826543211592,65
381,0.755913406639335,71,0.5510332250046193,0.9040102310300925,0.1275368393113476,-0.20488018163471577,0.14809682439075744,0.1275368393113476,5
382,0.7010614830472137,261,0.5252919308625161,0.8971157195442421,0.13817817266510082,-0.1757695521846976,0.19605423649702836,0.13817817266510082,210
383,0.2883568789906168,59,0.4071389382818605,0.6450554166317741,0.0974490170009409,0.11878205929124369,0.35669853764115733,0.0974490170009409,12
384,0.5543788681403139,551,0.3604151043888593,0.6819800867615665,0.10202360700810696,-0.19396376375145458,0.12760121862125262,0.10202360700810696,62
385,0.5654579062003336,551,0.3604151043888593,0.6819800867615665,0.10202360700810698,-0.20504280181147433,0.11652218056123287,0.10202360700810696,62
386,0.5287193643960513,102,0.5258954593098928,0.8681360816610987,0.13769554375752946,-0.0028239050861584847,0.3394167172650474,0.1376955437575295,45
387,0.5891725136351481,160,0.655974544320857,0.8190223360909298,0.12911726574805885,0.06680203068570889,0.22984982245578167,0.12911726574805885,73
388,0.6561383686649823,149,0.7742338785843039,0.9307148776975107,0.11780712707092003,0.1180955099193216,0.2745765090325284,0.11780712707092003,51
389,0.5404324754978631,242,0.42612490231529426,0.6463685795323072,0.09874336938026597,-0.11430757318256884,0.10593610403444409,0.09874336938026597,92
390,0.43993523325804035,257,0.560239599715186,0.8660169051139819,0.10803119220890853,0.12030436645714565,0.42608167185594154,0.10803119220890853,251
391,0.4527338107865079,20,0.5515022998790009,0.6346544835134768,0.09221125342295303,0.09876848909249303,0.18192067272696888,0.09221125342295301,14
392,0.19967778127634953,194,0.39041118738664343,0.5413562342273504,0.08850248196198117,0.1907334061102939,0.34167845295100086,0.08850248196198117,120
393,0.7645957146720664,39,0.7535704668227471,0.9091707354263615,0.10508951251015995,-0.011025247849319353,0.14457502075429507,0.10508951251015995,11
394,0.5071355444295608,174,0.48506300269953917,0.7996596431637724,0.0995206762396243,-0.022072541730021628,0.2925240987342116,0.0995206762396243,88
395,0.6981584555492191,342,0.49736456577024574,0.8786874539115352,0.15127827746173597,-0.20079388977897333,0.18052899836231617,0.15127827746173594,54
396,0.9039124470631354,39,0.8374457696044972,0.92202053621196,0.10665543078340659,-0.06646667745863821,0.018108089148824558,0.1066554307834066,30
397,0.12537458802462254,257,0.7156069170575197,0.8724226216801726,0.1382970626904807,0.5902323290328971,0.7470480336555501,0.1382970626904807,223
398,0.5276216187512563,67,0.452120162458894,0.678282573196013,0.10078375887036084,-0.07550145629236232,0.1506609544447567,0.10078375887036084,22
399,0.871319947229573,421,0.6095674185234536,0.9071655257431163,0.1484043734117556,-0.2617525287061193,0.03584557851354331,0.14840437341175558,185
400,0.43980992997993806,96,0.5284502249497474,0.5958823468315406,0.09197170717238053,0.08864029496980924,0.15607241685160256,0.09197170717238053,63
401,0.20624404454316794,96,0.5284502249497474,0.5958823468315406,0.09197170717238053,0.3222061804065794,0.3896383022883727,0.09197170717238054,63
402,0.2513997987934739,297,0.20267494960112248,0.4467011889786279,0.06081034412756965,-0.04872484919235143,0.19530139018515402,0.06081034412756965,82
403,0.8133090537263539,64,0.5380748380292772,0.8014988259452263,0.12179579931764775,-0.2752342156970767,-0.011810227781127614,0.12179579931764775,28
404,0.4510508050249618,129,0.632767317571449,0.7860093187095197,0.09864091450272389,0.18171651254648719,0.3349585136845579,0.09864091450272389,87
405,0.49082420476347627,33,0.5623160317891063,0.8618147974888978,0.11940367159025611,0.07149182702563,0.3709905927254215,0.11940367159025611,9
406,0.6203773890845408,66,0.588037635811868,0.78467397732539,0.09378753882335947,-0.032339753272672744,0.16429658824084925,0.09378753882335944,40
407,0.8794895125490501,258,0.5595199648861573,0.8889114688757376,0.1439035251649352,-0.31996954766289276,0.00942195632668752,0.1439035251649352,31
408,0.6286092684733421,197,0.48893306533131836,0.8314496245629375,0.14355058533292514,-0.13967620314202372,0.20284035608959539,0.1435505853329251,58
409,0.729885871692436,221,0.6782341080429976,0.9270131542676738,0.12061014786995973,-0.051651763649438465,0.19712728257523782,0.12061014786995973,121
410,0.7076269959889581,33,0.6438173647605667,0.8457956888944976,0.10478418955528924,-0.06380963122839134,0.13816869290553957,0.10478418955528923,11
411,0.8136783893547587,116,0.5730445543388489,0.8757687549965826,0.1371531554513961,-0.2406338350159098,0.06209036564182391,0.13715315545139614,12
412,0.2717247324132533,158,0.4582593607165394,0.6740169720775745,0.10634356209796134,0.18653462830328613,0.4022922396643212,0.10634356209796134,83
413,0.19914591510834526,158,0.4582593607165394,0.6740169720775745,0.10634356209796132,0.25911344560819416,0.47487105696922927,0.10634356209796134,83
414,0.9005857305198098,247,0.7698121474960031,0.9464987973412433,0.13143546359551686,-0.1307735830238067,0.04591306682143348,0.1314354635955169,103
415,0.6151490468551524,249,0.4935410843216357,0.6892680455781489,0.10846768149778092,-0.12160796253351669,0.07411899872299654,0.10846768149778092,106
416,0.6445218815378146,118,0.5568624240907953,0.7564955644576179,0.10772829379909539,-0.08765945744701925,0.11197368291980325,0.10772829379909539,23
417,0.5446193762686498,67,0.5170906995699848,0.7408287082959397,0.1123611517640724,-0.02752867669866499,0.19620933202728996,0.1123611517640724,19
418,0.5305035492718067,21,0.6848166191749545,0.8351924605790501,0.12549555304003385,0.15431306990314786,0.3046889113072434,0.12549555304003385,11
419,0.42975840262350407,85,0.45082658332275993,0.6471669907866388,0.10800485664898729,0.021068180699255867,0.2174085881631347,0.10800485664898729,32
420,0.4382730169795818,447,0.31359643224284073,0.5050566368717198,0.08012367374919467,-0.12467658473674109,0.06678361989213794,0.08012367374919467,88
421,0.3864771407563315,493,0.3077216870213455,0.7351913548155001,0.10905018491302901,-0.07875545373498599,0.34871421405916864,0.10905018491302902,178
422,0.5768537850330616,65,0.5580755571579216,0.6273760276635316,0.09186384485865329,-0.018778227875140052,0.050522242630470005,0.0918638448586533,14
423,0.5902315494394876,134,0.580860416846527,0.8611232248655323,0.12730470781581754,-0.009371132592960574,0.27089167542604464,0.12730470781581754,81
424,0.6509374244824966,349,0.4158556456687862,0.8806721432674565,0.12108513789606558,-0.2350817788137104,0.22973471878495988,0.12108513789606558,117
425,0.27901655731638086,289,0.1822991773963947,0.3741395123653218,0.05780001717860836,-0.09671737991998616,0.09512295504894092,0.057800017178608366,113
426,0.5386736295032681,98,0.5893256217009517,0.806193355761702,0.1563239755853795,0.050651992197683626,0.2675197262584339,0.1563239755853795,67
427,0.716723506704126,164,0.8113727844743961,0.9437854020786325,0.09484875156539811,0.0946492777702701,0.2270618953745065,0.09484875156539811,44
428,0.8417145865431347,186,0.6505466313026056,0.8726700608403855,0.1320957486955704,-0.19116795524052904,0.030955474297250762,0.13209574869557036,113
429,0.8755136638110982,182,0.8245623237495052,0.9354822065635964,0.1206311345101439,-0.05095134006159291,0.05996854275249819,0.1206311345101439,35
430,0.7778844237760111,117,0.731307498187308,0.9153799812720441,0.11564544060960286,-0.04657692558870308,0.13749555749603304,0.11564544060960286,43
431,0.7476258148419598,289,0.45080956108114023,0.8453737904636363,0.15389269112796317,-0.29681625376081955,0.09774797562167648,0.15389269112796317,187
432,0.2522005601980671,13,0.28758174391368846,0.37914661389185417,0.05378270184923687,0.03538118371562138,0.1269460536937871,0.05378270184923687,10
433,0.04452352077639325,333,0.03696861108727159,0.06279535007647202,0.008010189417429137,-0.007554909689121661,0.01827182930007877,0.008010189417429137,20
434,0.7039087568359839,84,0.7646792044648962,0.9158419496685306,0.1325241575772981,0.06077044762891243,0.21193319283254675,0.1325241575772981,35
435,0.8133353045522649,176,0.7341786173806776,0.8480647276930177,0.12183292277717628,-0.0791566871715873,0.03472942314075278,0.12183292277717628,134
436,0.4179078759416589,64,0.5446052534304788,0.8329291062502678,0.10854265986719305,0.12669737748881993,0.41502123030860893,0.10854265986719305,44
437,0.43915053733574155,51,0.7125808248512294,0.8750077866554066,0.10010045461408042,0.27343028751548787,0.435857249319665,0.10010045461408043,43
438,0.27218820726633475,22,0.5034296209166959,0.779935798595347,0.18139776041539576,0.2312414136503611,0.5077475913290123,0.1813977604153958,19
439,0.45024764033544296,22,0.5034296209166959,0.779935798595347,0.18139776041539576,0.0531819805812529,0.32968815825990405,0.18139776041539574,22
440,0.8221868313156139,368,0.4770452781146634,0.8637238136929588,0.1275009311965792,-0.34514155320095047,0.04153698237734493,0.12750093119657924,221
441,0.797521532375454,77,0.5531363615040783,0.9044414107315734,0.13759899659253064,-0.24438517087137568,0.10691987835611938,0.13759899659253064,51
442,0.6319230176826856,266,0.5183033241103294,0.7854764484745383,0.10880968989222281,-0.11361969357235613,0.1535534307918528,0.10880968989222282,185
443,0.41719552308352964,397,0.2766988091401469,0.45309558005414946,0.06521488491123967,-0.14049671394338276,0.03590005697061982,0.06521488491123967,84
444,0.3680276692959112,170,0.38010208410836266,0.8649597229477352,0.1336410103766351,0.0120744148124515,0.49693205365182397,0.1336410103766351,27
445,0.5946734761495901,192,0.6501804608034046,0.9109810933260867,0.1294726571774854,0.05550698465381454,0.3163076171764966,0.1294726571774854,69
446,0.5903588485457149,58,0.7290847153465628,0.8697844354286791,0.08722194497957443,0.13872586680084797,0.27942558688296426,0.08722194497957442,9
447,0.6913536643201288,49,0.7489775203541638,0.8433359778314847,0.08811813172625017,0.05762385603403497,0.15198231351135594,0.08811813172625017,26
448,0.7945777931739687,250,0.654802966695955,0.8238912394824328,0.10745594996877286,-0.13977482647801381,0.02931344630846411,0.10745594996877288,58
449,0.3482687048868971,144,0.3273712302423629,0.5394281212064089,0.0750085694444659,-0.020897474644534175,0.19115941631951183,0.0750085694444659,55
450,0.876038021359041,215,0.8395495416572836,0.9433227882452566,0.11122744501266339,-0.03648847970175739,0.06728476688621565,0.11122744501266339,143
451,0.342622834939384,215,0.8395495416572836,0.9433227882452566,0.11122744501266338,0.49692670671789957,0.6006999533058726,0.11122744501266339,123
452,0.7039159820290822,189,0.7141419977157237,0.9114395924692474,0.11527449120755336,0.010226015686641499,0.2075236104401652,0.11527449120755337,92
453,0.5532100636122295,173,0.49395707114307985,0.7547739275978885,0.1147134981535085,-0.05925299246914961,0.20156386398565906,0.1147134981535085,118
454,0.7332076636758533,214,0.46030891408307684,0.8004672248824122,0.14979215455045808,-0.2728987495927765,0.06725956120655885,0.14979215455045808,85
455,0.3867470880654946,51,0.6072169263927149,0.7688509997958096,0.11991766322371471,0.22046983832722022,0.382103911730315,0.1199176632237147,38
456,0.6803619246020128,362,0.6130360857404754,0.8818807638336033,0.15222177008865717,-0.06732583886153742,0.20151883923159042,0.15222177008865717,238
457,0.3043075382283206,362,0.6130360857404754,0.8818807638336033,0.15222177008865717,0.30872854751215484,0.5775732256052827,0.15222177008865717,238
458,0.5259574390794158,86,0.32328586677509874,0.5735300651422682,0.09654617520475546,-0.2026715723043171,0.0475726260628524,0.09654617520475546,48
459,0.28824939159234714,207,0.7476400134378581,0.910030776183436,0.10729327226557896,0.459390621845511,0.6217813845910889,0.10729327226557896,127
460,0.6745322343274752,84,0.6938800040227637,0.920932941708845,0.1326804299426423,0.019347769695288564,0.24640070738136977,0.1326804299426423,64
461,0.3863572832618631,114,0.22015068619075728,0.5108707786382227,0.09025904686323058,-0.1662065970711058,0.12451349537635964,0.09025904686323058,84
462,0.7506265163375553,173,0.566874222924972,0.8522279506324195,0.14266396679654592,-0.18375229341258326,0.10160143429486423,0.14266396679654592,26
463,0.744779946368489,237,0.7419715051896767,0.9403338492810915,0.12283516022806051,-0.002808441178812293,0.19555390291260255,0.12283516022806053,68
464,0.10399352567221964,134,0.38722151714846875,0.7839805528303231,0.11106143683750656,0.2832279914762491,0.6799870271581034,0.11106143683750656,121
465,0.6869531811045638,361,0.7008953145010259,0.9396295954796913,0.12141714548102657,0.013942133396462109,0.25267641437512744,0.12141714548102657,157
466,0.7061199941406974,366,0.48206341144928977,0.7912339812014748,0.1205843721017003,-0.22405658269140757,0.08511398706077744,0.1205843721017003,114
467,0.7304236261034949,163,0.42210609940106014,0.7517154439488574,0.11646131517206973,-0.30831752670243473,0.021291817845362493,0.11646131517206973,11
468,0.6732535009769399,226,0.6554438356812913,0.915011747613625,0.1388872234265192,-0.017809665295648647,0.2417582466366851,0.1388872234265192,90
469,0.8498106993450174,117,0.7210925055178585,0.9016083606760903,0.14211335331409436,-0.12871819382715888,0.051797661331072886,0.1421133533140944,62
470,0.5361021552744022,48,0.6616536351273001,0.8975904541076994,0.12065199647570234,0.12555147985289794,0.36148829883329725,0.12065199647570234,23
471,0.9086831715038638,300,0.7752582559290973,0.9465386513511411,0.1601881708177403,-0.1334249155747665,0.03785547984727733,0.16018817081774028,186
472,0.8983802090329946,256,0.7892857058862892,0.9442114400056574,0.13823755117761236,-0.10909450314670549,0.04583123097266273,0.13823755117761236,144
473,0.5308831591970273,384,0.3408064419440278,0.6586519353710795,0.10924700064543114,-0.19007671725299952,0.12776877617405213,0.10924700064543114,255
474,0.6070254423001866,15,0.6611141284325986,0.7724987621252748,0.08348553879288538,0.05408868613241202,0.16547331982508817,0.08348553879288538,14
475,0.3533702087308726,134,0.48075979960352067,0.8001980690068816,0.1171252447429385,0.1273895908726481,0.446827860276009,0.11712524474293848,65
476,0.24672536421663122,63,0.3921405634212737,0.5837517213869848,0.08661892866802864,0.14541519920464246,0.3370263571703536,0.08661892866802866,14
477,0.38116085123405413,63,0.3921405634212737,0.5837517213869848,0.08661892866802866,0.010979712187219548,0.2025908701529307,0.08661892866802866,14
478,0.4392259387817883,519,0.3279094544029106,0.47742737790116524,0.056818384384977744,-0.1113164843788777,0.038201439119376956,0.056818384384977744,135
479,0.8619400721365197,417,0.7926665223826983,0.9372072527418868,0.141910611185015,-0.06927354975382138,0.07526718060536708,0.141910611185015,313
480,0.34871819901610623,167,0.2622534439682723,0.4040545146841112,0.06290307843205929,-0.08646475504783391,0.055336315668004954,0.06290307843205929,91
481,0.5018013797927912,24,0.541881620994365,0.7554996824581227,0.12391848227076051,0.04008024120157383,0.25369830266533155,0.12391848227076054,12
482,0.8453054618632044,309,0.6859800490266942,0.9278876250395798,0.1351701067921583,-0.15932541283651025,0.08258216317637534,0.1351701067921583,90
483,0.8188241818203106,496,0.5287769944664267,0.9054647872784903,0.14896652833261545,-0.29004718735388385,0.08664060545817975,0.14896652833261542,197
484,0.5760063964521945,30,0.6581917460919187,0.8418471062994559,0.09806391760662722,0.08218534963972418,0.2658407098472614,0.09806391760662722,17
485,0.4207230641750003,264,0.46806483122188297,0.8249619500157059,0.12460006256735043,0.047341767046882643,0.4042388858407056,0.12460006256735043,228
486,0.847401444528972,100,0.6088435699923513,0.8760567561438445,0.14264641437771353,-0.23855787453662064,0.028655311614872447,0.14264641437771353,13
487,0.6719379087230692,106,0.6765144353598194,0.8551742138329179,0.10023470248346272,0.004576526636750122,0.18323630510984867,0.10023470248346272,68
488,0.8027021109078474,362,0.4656548001903693,0.8286364901650611,0.13243012388958567,-0.33704731071747807,0.025934379257213758,0.13243012388958567,69
489,0.39530084419750444,362,0.4656548001903693,0.8286364901650611,0.13243012388958567,0.07035395599286487,0.4333356459675567,0.13243012388958564,69
490,0.6100370568851381,81,0.6689168566897421,0.9304996384138174,0.12074512098808222,0.058879799804604005,0.32046258152867935,0.12074512098808222,13
491,0.4945926556736864,188,0.651211961130539,0.9042997247057415,0.13005004952202173,0.15661930545685265,0.4097070690320551,0.13005004952202173,150
492,0.8409214229412977,118,0.7947955041649089,0.9464571438661141,0.10322553251378079,-0.04612591877638883,0.10553572092481645,0.10322553251378079,47
493,0.3983479494698654,1,0.3152859588954271,0.3152859588954271,0.0,-0.0830619905744383,-0.0830619905744383,0.0,0
494,0.8706170092768505,234,0.7962818169339496,0.9342644452150365,0.1241868385850587,-0.07433519234290081,0.063647435938186,0.1241868385850587,119
495,0.33214743774408284,63,0.35084320390284135,0.6150870794441577,0.10264058876692483,0.01869576615875851,0.2829396417000749,0.10264058876692483,23
496,0.5426422325694252,58,0.5752762503515629,0.7782133296804156,0.08990260882784434,0.03263401778213776,0.23557109711099034,0.08990260882784434,4
497,0.5054605827685601,38,0.5225078916681396,0.8417723076882319,0.11146815581818563,0.017047308899579505,0.33631172491967176,0.11146815581818563,10
498,0.34708537869141687,38,0.5225078916681396,0.8417723076882319,0.11146815581818563,0.17542251297672273,0.494686928996815,0.11146815581818563,10
499,0.48503449155951595,112,0.630015174006134,0.8260315230365567,0.10201563269129148,0.1449806824466181,0.34099703147704075,0.1020156326912915,58
500,0.4192819734513104,26,0.6760225606404938,0.7686152580543457,0.11705481738769523,0.2567405871891834,0.3493332846030353,0.11705481738769521,13
501,0.34983963951522273,59,0.2979291920624433,0.5806143452351027,0.08261814069935687,-0.05191044745277945,0.23077470571987996,0.08261814069935688,32
502,0.40127721493277485,634,0.7747969569872437,0.9188293622400684,0.09286809264662316,0.37351974205446886,0.5175521473072935,0.09286809264662316,294
503,0.4083069985344587,194,0.4839233583681879,0.8527701295972304,0.1299198965027215,0.07561635983372919,0.44446313106277174,0.1299198965027215,66
504,0.8405283183567286,13,0.6697703287144119,0.8964059379692592,0.1465736944748274,-0.1707579896423167,0.05587761961253057,0.1465736944748274,8
505,0.7976737976148697,326,0.6794220062389891,0.882253079972873,0.1370469177487124,-0.1182517913758806,0.08457928235800338,0.1370469177487124,144
506,0.5840883477323278,50,0.615677416193486,0.8473296239234158,0.09371843457302699,0.031589068461158276,0.26324127619108806,0.09371843457302698,3
507,0.4027760855499639,199,0.3299125817211349,0.6401011974421984,0.09261347793529764,-0.072863503828829,0.23732511189223449,0.09261347793529763,42
508,0.6900785284763721,414,0.4457198113743187,0.8143609886642255,0.13463744550399803,-0.24435871710205337,0.12428246018785338,0.13463744550399803,127
509,0.17606208229235762,414,0.4457198113743187,0.8143609886642255,0.13463744550399803,0.26965772908196106,0.6382989063718678,0.134637445503998,127
510,0.5262670689187882,70,0.5587841272887222,0.808301281156762,0.11213733583518694,0.032517058369934015,0.28203421223797387,0.11213733583518694,23
511,0.4957688321065222,63,0.6665891430749705,0.7976554363552286,0.09833439486478808,0.17082031096844835,0.30188660424870645,0.09833439486478808,46
512,0.6850778093160973,315,0.5192595800033504,0.8677550387571973,0.11609715735246202,-0.16581822931274692,0.1826772294411,0.11609715735246204,160
513,0.2364461045644185,137,0.17509547731401234,0.3103234617638679,0.05046598074424232,-0.06135062725040616,0.07387735719944938,0.05046598074424232,89
514,0.2139000625677843,109,0.32997650727188144,0.3847896190202981,0.05615013987035118,0.11607644470409714,0.17088955645251383,0.05615013987035118,48
515,0.6062275493326755,55,0.45011402634248304,0.7045686345869095,0.12806393761483117,-0.1561135229901925,0.09834108525423402,0.12806393761483117,27
516,0.3952604678816835,55,0.45011402634248304,0.7045686345869095,0.1280639376148312,0.054853558460799534,0.30930816670522604,0.1280639376148312,27
517,0.17598347876549741,814,0.16053833365872908,0.21685576800254092,0.030478050736989875,-0.015445145106768338,0.0408722892370435,0.030478050736989875,283
518,0.24502800268016348,272,0.1870135623215078,0.2585540739414559,0.027077136439933806,-0.05801444035865569,0.013526071261292433,0.027077136439933806,38
519,0.45977205957358314,261,0.4126875373707101,0.7401352964943348,0.13970216126752605,-0.047084522202873014,0.2803632369207517,0.13970216126752605,136
520,0.14353747939839254,276,0.11102097208765965,0.21274954860444736,0.02621442950417179,-0.03251650731073289,0.06921206920605483,0.02621442950417179,83
521,0.5857579681776477,58,0.5681947667044602,0.8044352221181229,0.1020587014274055,-0.017563201473187462,0.2186772539404752,0.1020587014274055,22
522,0.6629901982866924,335,0.7344095093418679,0.9391741208005585,0.12068362311396248,0.07141931105517552,0.27618392251386614,0.12068362311396248,115
523,0.6863604140255062,60,0.7010477947626963,0.9271211384933834,0.11495795014981715,0.014687380737190114,0.24076072446787722,0.11495795014981715,11
524,0.29845407001772745,60,0.7010477947626963,0.9271211384933834,0.11495795014981715,0.40259372474496885,0.6286670684756559,0.11495795014981713,17
525,0.6499855803367838,123,0.5221100117212539,0.6988114680169809,0.10614920359232513,-0.12787556861552984,0.04882588768019713,0.10614920359232512,47
526,0.8200551330488968,348,0.6183354445948636,0.8759978053048098,0.14108458890781786,-0.2017196884540332,0.055942672255912984,0.14108458890781786,158
527,0.6002668837960434,106,0.5162399859835618,0.712950672318569,0.1013345505882666,-0.08402689781248163,0.11268378852252559,0.1013345505882666,26
528,0.6720580391598658,629,0.44087894615336165,0.7939879663863265,0.12906499463102913,-0.2311790930065042,0.12192992722646068,0.12906499463102913,142
529,0.5407874940907048,173,0.3160080592896494,0.6536462157861325,0.1089081459803689,-0.2247794348010554,0.11285872169542766,0.1089081459803689,102
530,0.7184688940221797,118,0.753824657205306,0.9306198837061036,0.11045689648060797,0.03535576318312622,0.21215098968392387,0.11045689648060797,68
531,0.8204937720146613,295,0.755289053020947,0.9021349172819378,0.13539777274712958,-0.06520471899371438,0.0816411452672765,0.13539777274712958,93
532,0.7708911563863441,79,0.688442020141461,0.8964860816966925,0.12626792946447743,-0.08244913624488304,0.12559492531034844,0.12626792946447743,52
533,0.5530315284690744,383,0.4145990634107248,0.6883602428670502,0.10709754544121872,-0.13843246505834966,0.13532871439797578,0.10709754544121872,198
534,0.5105963347137601,215,0.5269046733224922,0.9209065684339379,0.11861950581283084,0.016308338608732154,0.41031023372017783,0.11861950581283084,104
535,0.8615043450980945,125,0.6926100606117319,0.9048630429738586,0.14687763939520493,-0.16889428448636257,0.043358697875764074,0.14687763939520493,30
536,0.49706450017145404,390,0.3990371084972918,0.7623251543371621,0.11032227273675087,-0.09802739167416222,0.26526065416570804,0.11032227273675087,16
537,0.3779944331433173,144,0.7209207580690599,0.9205051682750263,0.12488529363530089,0.34292632492574254,0.5425107351317089,0.12488529363530088,78
538,0.562462027989617,314,0.6984224884132113,0.9411042303372874,0.10966679623768508,0.1359604604235944,0.37864220234767043,0.10966679623768508,124
539,0.7827139943366325,96,0.6604188503817222,0.8549224320763311,0.12312775621298462,-0.12229514395491026,0.07220843773969865,0.12312775621298462,30
